gameId,blueWins,blueWardsPlaced,blueWardsDestroyed,blueFirstBlood,blueKills,blueDeaths,blueAssists,blueEliteMonsters,blueDragons,blueHeralds,blueTowersDestroyed,blueTotalJungleMinionsKilled,blueGoldDiff,blueExperienceDiff
4519157822,0,28,2,1,9,6,11,0,0,0,0,36,643,-8
4523371949,0,12,1,0,5,5,5,0,0,0,0,43,-2908,-1173
4521474530,0,15,0,0,7,11,4,1,1,0,0,46,-1172,-1033
4524384067,0,43,1,0,4,5,5,1,0,1,0,55,-1321,-7
4436033771,0,75,4,0,6,6,6,0,0,0,0,57,-1004,230
4475365709,1,18,0,0,5,3,6,1,1,0,0,42,698,101
4493010632,1,18,3,1,7,6,7,1,1,0,0,53,2411,1563
4496759358,0,16,2,0,5,13,3,0,0,0,0,48,-2615,-800
4443048030,0,16,3,0,7,7,8,0,0,0,0,61,-1979,-771
4509433346,1,13,1,1,4,5,5,1,1,0,0,39,-1548,-1574
4452162573,0,20,3,1,4,4,6,0,0,0,0,28,331,-1585
4453038156,0,33,2,1,11,11,7,1,0,1,0,40,-1505,-635
4515594785,1,18,1,1,7,1,11,1,1,0,0,53,3274,1659
4524924257,0,14,3,0,4,9,1,1,0,1,0,52,-3414,-1141
4516505202,1,15,3,1,4,4,4,0,0,0,0,51,-470,-187
4482120064,0,17,1,0,3,7,3,0,0,0,0,53,-1996,-1804
4523758462,1,14,1,1,10,2,8,0,0,0,0,56,5228,3378
4503636905,0,43,3,0,3,7,3,1,0,1,0,54,-1975,-1345
4486384947,1,21,4,1,5,4,11,0,0,0,0,49,882,512
4457103291,0,11,3,0,5,9,5,0,0,0,0,48,-3155,-2773
4472164226,1,14,3,1,11,6,15,1,1,0,0,45,2526,1625
4445294621,0,13,1,0,4,13,5,0,0,0,0,43,-2835,-2821
4480384157,0,17,2,0,4,6,3,0,0,0,0,56,-1254,-567
4520898233,0,78,4,0,4,3,4,2,1,1,0,67,406,1283
4522124566,1,33,3,0,6,9,10,0,0,0,0,45,-1020,493
4523978853,0,17,1,0,4,8,4,0,0,0,0,44,-2472,-1067
4507834811,1,18,1,0,8,6,9,1,1,0,0,44,1260,-55
4501319968,0,19,3,1,7,4,9,0,0,0,0,61,1857,2015
4519148589,0,105,5,1,8,6,13,1,1,0,0,53,1320,-413
4484877784,0,18,5,0,3,8,2,1,1,0,0,52,-3282,-1647
4466931235,1,22,7,1,9,4,10,1,1,0,0,40,2883,2111
4524189570,1,17,4,1,5,2,6,2,1,1,0,51,1703,1696
4503380070,0,12,3,0,6,4,7,0,0,0,0,32,608,-85
4497858921,0,15,2,1,5,4,4,0,0,0,0,45,71,-359
4509242024,1,40,2,0,6,4,4,0,0,0,0,56,275,872
4524296550,0,24,3,0,3,4,6,0,0,0,0,52,-809,638
4516034199,0,12,4,0,2,8,2,1,1,0,0,84,-2771,-1125
4504386463,0,20,2,1,5,6,4,1,0,1,0,48,-1730,-1236
4523799496,0,11,3,0,7,9,5,1,0,1,0,68,-904,1377
4379931850,0,18,2,0,3,6,3,1,0,1,0,48,-1683,-1363
4523858150,0,28,3,0,4,11,3,0,0,0,0,48,-3025,-1833
4459778854,1,36,1,0,10,6,12,0,0,0,0,44,3004,2300
4499523222,1,18,3,0,9,6,14,1,1,0,0,36,1574,761
4477029310,1,12,2,1,5,5,3,0,0,0,0,16,-1036,-1423
4525037711,0,18,4,1,3,4,2,1,0,1,0,60,16,433
4459414345,0,41,0,0,1,10,0,0,0,0,0,32,-6386,-4210
4505664040,1,14,4,1,11,2,9,0,0,0,0,48,5096,3310
4439587692,1,19,1,1,8,4,5,1,1,0,1,54,2756,1683
4508000311,1,15,2,0,2,3,2,1,0,1,0,44,-977,-1025
4513365614,0,16,1,0,5,5,8,0,0,0,0,56,-808,-1655
4473252742,0,14,0,0,7,9,5,0,0,0,0,50,-1559,-407
4438138890,1,18,0,0,6,8,6,0,0,0,0,49,544,75
4467008289,1,22,4,1,5,2,2,2,1,1,0,53,1381,1017
4492625917,1,37,2,1,5,3,5,0,0,0,0,54,2031,1449
4502901044,0,14,4,0,3,3,2,1,1,0,0,56,131,370
4467732013,0,16,2,0,4,10,4,1,0,1,0,53,-2699,-2749
4514402510,0,17,0,1,5,7,7,1,1,0,0,63,-1672,-2698
4521277262,1,19,3,1,10,6,11,1,1,0,0,42,1201,316
4521752962,1,29,3,1,7,5,5,2,1,1,0,55,-108,59
4514070165,0,12,0,0,10,7,11,0,0,0,1,58,4633,2269
4525056568,0,18,4,0,2,7,0,0,0,0,0,62,-2262,-1391
4521255103,0,24,3,0,6,7,5,0,0,0,0,70,-49,500
4510728488,1,18,2,1,6,4,4,1,1,0,0,54,1687,1089
4516919746,1,122,3,1,9,1,10,2,1,1,0,68,3933,2922
4499868617,0,12,4,0,4,10,3,1,1,0,0,41,-4061,-4397
4514234813,0,52,2,0,6,12,7,0,0,0,0,42,-4920,-3280
4513591449,0,19,2,0,4,5,2,0,0,0,0,52,-1705,-1839
4471416203,0,32,4,1,7,8,8,1,1,0,0,46,105,-1547
4521227315,1,14,0,0,3,5,3,0,0,0,0,57,-554,521
4424144387,0,19,5,1,4,5,4,0,0,0,0,53,-1037,-1577
4517806218,0,16,2,1,9,8,7,1,0,1,0,62,-1144,480
4479974478,1,36,0,1,5,4,6,0,0,0,0,32,1173,953
4423018162,0,18,2,1,8,2,11,0,0,0,0,44,3194,2534
4518401885,0,13,3,1,2,7,1,1,1,0,0,38,-2622,-1136
4525208730,1,15,3,1,6,4,4,1,1,0,0,52,1151,470
4512774492,1,50,4,1,6,4,8,2,1,1,0,52,1463,1490
4522772001,0,14,2,0,4,6,1,0,0,0,0,52,-1038,-1307
4464439713,1,17,2,1,8,4,7,1,0,1,0,40,1424,1060
4479823004,1,18,1,0,13,9,18,1,1,0,0,44,527,721
4507330276,0,17,5,0,7,6,12,0,0,0,0,46,1807,932
4447392049,0,43,6,1,11,4,12,1,0,1,0,43,2856,1262
4521089901,0,12,1,0,6,6,10,1,1,0,0,56,-964,-2454
4427944005,0,20,2,0,7,8,6,1,0,1,0,51,-178,524
4509784380,1,18,3,0,9,8,7,1,1,0,0,41,705,192
4524411421,1,16,0,0,10,10,14,1,1,0,0,55,908,306
4519898107,1,14,2,0,7,2,12,2,1,1,0,68,3558,3243
4517633575,0,12,6,0,1,6,0,0,0,0,0,56,-1299,-49
4521948875,1,16,4,0,5,8,7,1,1,0,0,48,-1763,-1864
4509102299,1,15,0,0,10,4,12,0,0,0,0,64,2547,2189
4525041896,0,13,3,0,3,10,2,1,1,0,0,53,-3685,-3119
4515706467,0,83,13,1,7,11,3,0,0,0,0,25,-3689,-4682
4476006621,0,17,4,1,3,5,2,0,0,0,0,73,-764,803
4499940691,1,16,3,1,9,2,5,0,0,0,0,51,3037,2694
4426644547,1,14,4,1,7,7,6,0,0,0,1,62,3545,2162
4525072812,0,14,2,0,7,7,10,1,1,0,0,48,-1031,-394
4524217548,0,17,1,0,5,10,6,0,0,0,0,59,-1796,-749
4499622849,1,16,6,1,5,4,9,0,0,0,0,37,1626,747
4499844894,1,40,1,0,6,8,10,1,0,1,0,70,832,1330
4460534353,1,16,0,0,11,6,11,2,1,1,0,52,2750,2647
4495269641,0,16,1,0,5,8,4,1,0,1,0,28,-1524,-827
4524995677,0,16,4,1,6,8,2,1,1,0,0,53,-1370,-875
4464596479,0,14,3,0,4,6,4,0,0,0,0,43,-1506,-412
4452452649,0,13,5,0,6,7,2,0,0,0,0,52,-1101,-718
4420481816,0,18,4,0,8,3,7,1,0,1,0,44,2774,2207
4412895789,0,24,0,0,8,11,9,0,0,0,0,44,-1806,-588
4525114135,0,12,5,0,6,4,8,1,1,0,0,44,1265,1248
4496624699,1,17,3,0,6,14,4,0,0,0,0,46,-4443,-4140
4522663961,0,19,3,0,3,5,1,0,0,0,0,59,-927,967
4522251387,1,12,3,1,9,5,9,0,0,0,0,36,1425,728
4472377536,1,14,3,0,6,4,6,1,1,0,0,60,1177,1161
4466226469,1,19,2,1,2,7,2,1,1,0,0,64,-1586,410
4473936532,0,16,2,0,5,10,3,2,1,1,0,44,-2896,-2081
4524445302,1,18,1,0,12,9,10,0,0,0,0,48,905,1054
4459740551,0,17,1,1,9,17,17,0,0,0,0,29,-3887,-3392
4463542711,1,32,2,1,12,6,12,1,1,0,0,47,3413,2984
4508629003,0,16,2,1,7,9,5,2,1,1,0,48,-256,-1580
4475094281,1,19,5,1,7,10,7,0,0,0,0,44,-1820,-1412
4513430767,1,14,1,1,6,4,12,1,1,0,0,39,625,-534
4508634893,0,12,2,0,2,6,1,0,0,0,0,60,-3628,-2009
4522792360,0,30,6,1,5,5,7,1,0,1,0,67,769,480
4507927084,0,18,5,0,8,8,8,1,1,0,0,43,-576,-682
4522505411,0,14,16,0,3,9,2,0,0,0,0,40,-3900,-3550
4454104215,1,14,2,0,9,8,10,1,1,0,0,43,-7,-231
4516166112,1,13,6,1,10,7,10,0,0,0,0,44,1683,1433
4454239214,0,16,4,0,3,10,2,0,0,0,0,40,-4782,-3408
4517801069,1,38,3,1,9,7,11,1,1,0,0,40,636,-214
4518738712,1,40,1,0,7,14,6,1,1,0,0,37,-3421,-2624
4497571086,1,18,5,0,5,3,6,1,1,0,0,61,976,1599
4477243448,0,40,3,0,6,7,6,0,0,0,0,52,-211,-1305
4386507847,1,18,5,0,7,5,6,0,0,0,0,52,1221,462
4474136526,1,17,5,0,7,1,8,0,0,0,0,36,2037,1291
4523618632,1,15,5,1,6,3,11,1,1,0,0,36,817,-94
4507859079,1,18,2,1,4,4,4,0,0,0,0,48,-137,-351
4524740998,1,43,6,1,4,7,4,1,1,0,0,33,-1539,-1497
4512162103,0,13,5,0,5,7,4,0,0,0,0,48,-1707,-1286
4465066223,1,13,1,0,6,9,2,1,1,0,0,55,-556,-235
4523411488,1,20,1,1,9,7,15,1,1,0,0,37,-146,-717
4524017392,1,15,1,1,12,4,9,1,0,1,0,37,4083,2884
4513054107,1,17,1,0,5,5,6,0,0,0,0,64,1389,1418
4478629184,0,28,4,0,3,4,3,1,1,0,0,55,-890,-528
4395598976,0,12,3,1,4,9,5,0,0,0,0,32,-2519,-1095
4524952056,0,87,1,0,4,15,4,0,0,0,0,30,-4440,-4020
4453994009,1,15,3,1,7,6,7,0,0,0,0,64,1140,705
4462358723,0,15,4,1,5,7,2,0,0,0,0,40,-1656,-1832
4512811324,1,23,3,0,10,5,16,0,0,0,0,40,2171,-261
4438263187,1,18,1,1,12,4,15,0,0,0,0,60,3841,2484
4483907436,1,16,3,0,4,11,5,1,0,1,1,40,-885,-2172
4521937261,0,16,2,0,3,8,4,2,1,1,0,60,-2752,-2286
4515587675,1,17,3,1,13,9,22,0,0,0,0,31,2081,466
4517493567,0,15,5,1,4,3,4,0,0,0,0,53,453,-19
4469549199,0,15,2,1,3,1,3,1,1,0,0,56,830,-1002
4500100836,0,21,2,0,8,8,3,0,0,0,0,48,94,-445
4451727242,0,70,2,0,8,6,12,2,1,1,0,56,-722,891
4462194525,0,18,1,0,6,7,10,1,0,1,0,47,-1491,-799
4481415061,0,10,1,0,6,14,3,0,0,0,0,59,-3109,-1745
4519169394,0,15,4,1,7,11,9,0,0,0,0,56,537,-477
4449504375,1,15,9,0,13,5,10,2,1,1,0,71,4079,5568
4468503240,1,91,3,0,10,5,13,0,0,0,1,50,4006,2081
4495708706,0,18,2,1,3,10,4,0,0,0,0,48,-3582,-5395
4505357300,1,16,4,0,6,6,5,0,0,0,0,56,-355,233
4523723534,1,18,11,1,7,6,8,0,0,0,1,46,3464,994
4479157446,1,16,2,1,9,5,9,1,1,0,0,60,2217,2183
4518376722,1,13,1,1,8,3,9,2,1,1,0,59,3049,1511
4521259209,1,13,2,0,5,6,4,1,1,0,0,44,-305,-474
4471123041,0,54,3,0,4,2,6,1,1,0,0,53,1325,479
4524913184,1,17,2,1,6,6,10,0,0,0,0,44,-53,87
4514301047,0,35,1,0,5,9,5,0,0,0,0,40,-2865,-1441
4512184541,0,10,1,1,7,7,5,0,0,0,0,42,-93,-561
4517823800,0,19,5,1,6,7,7,0,0,0,0,46,-420,-1185
4518835789,1,22,6,1,7,3,6,1,1,0,0,64,5008,2355
4510355472,0,19,2,1,4,6,1,0,0,0,0,53,-2074,-1795
4512067346,1,14,5,0,5,4,7,1,0,1,0,63,-3,1013
4514106633,0,15,2,1,5,5,5,0,0,0,0,47,-837,-660
4522399054,1,38,2,1,5,5,6,1,1,0,0,39,510,-747
4519443312,0,16,3,0,6,11,8,1,1,0,0,43,-3549,-2407
4523035934,1,17,4,0,6,6,6,0,0,0,0,56,272,359
4429486916,1,18,2,1,9,5,9,0,0,0,0,51,2187,2189
4482052361,0,19,6,0,2,8,4,0,0,0,0,33,-4907,-2556
4522798631,1,14,3,1,5,4,3,1,1,0,0,64,63,648
4477176627,1,17,0,0,4,8,6,1,0,1,0,68,-2132,-484
4475170098,0,12,4,0,5,6,5,1,0,1,0,71,-976,-964
4432091797,0,86,4,1,3,5,3,0,0,0,0,62,-1342,-1966
4495710198,1,16,1,1,8,2,5,1,1,0,0,40,2304,2532
4520931258,1,15,6,0,10,2,11,0,0,0,0,70,4219,3379
4424048842,0,22,7,1,6,7,7,0,0,0,0,45,-2049,-2340
4512915759,0,16,4,0,1,5,2,0,0,0,0,48,-4179,-3823
4476065129,0,17,7,0,6,6,9,0,0,0,0,40,-66,-1073
4494781192,1,16,3,0,9,7,13,2,1,1,0,60,510,142
4525224702,0,15,3,1,4,3,2,1,0,1,0,53,2591,1567
4475925954,0,14,1,1,4,12,5,0,0,0,0,46,-3772,-3034
4516121686,0,25,1,1,6,6,11,1,1,0,0,43,965,-878
4420667626,0,11,1,0,1,5,1,0,0,0,0,34,-3468,-2158
4489494110,1,25,5,1,14,3,15,0,0,0,0,54,6153,3916
4523340688,0,15,0,0,0,5,0,0,0,0,0,60,-2216,-2730
4496344135,0,17,4,0,6,11,4,1,1,0,0,39,-2308,-1767
4524697287,1,17,4,1,6,6,5,1,0,1,0,54,1917,-179
4523386766,0,14,4,0,4,7,6,0,0,0,0,52,-1676,-1759
4518474732,1,18,1,1,10,5,8,1,1,0,0,48,2709,1259
4486453937,0,17,5,0,6,8,5,0,0,0,0,36,-1304,-552
4496397328,1,42,4,1,8,5,10,1,1,0,0,59,1824,1409
4520768462,0,17,7,0,11,8,15,0,0,0,0,38,229,-45
4518654959,1,15,2,0,4,4,4,1,0,1,0,57,1507,1667
4519058321,0,12,3,0,1,5,3,1,1,0,0,65,-1787,-1135
4512960247,0,14,2,0,8,7,3,0,0,0,0,49,815,1397
4445314635,0,13,2,0,5,14,6,1,1,0,0,48,-4767,-5061
4477030195,0,13,3,0,4,6,6,0,0,0,0,43,-1861,-2532
4497887298,0,68,0,0,1,14,1,1,1,0,0,53,-7655,-4485
4459403995,1,20,1,0,4,9,3,0,0,0,0,56,-2058,-2051
4489079383,1,16,3,0,5,5,7,1,1,0,0,52,-575,-208
4516695912,0,12,2,1,4,2,2,1,0,1,0,61,1765,701
4490435808,0,13,5,1,5,5,8,1,0,1,0,40,540,269
4524895124,1,16,3,0,12,9,15,0,0,0,0,48,862,-442
4519469738,1,35,3,1,6,2,9,1,1,0,0,44,2761,1659
4523527200,0,14,2,0,3,8,3,0,0,0,0,61,-1249,-853
4453080532,1,35,2,0,5,5,3,0,0,0,0,60,-75,655
4523303530,1,18,3,1,14,5,12,1,1,0,0,48,5805,4777
4495003373,0,22,4,0,5,7,3,1,0,1,0,59,-810,-305
4524303571,0,124,3,1,5,4,6,1,0,1,0,51,1034,706
4490487724,1,18,1,1,3,7,2,0,0,0,0,50,-2595,-2856
4515381064,1,22,5,0,1,2,3,0,0,0,0,55,-334,-73
4512271556,1,13,3,1,11,4,8,2,1,1,1,44,3806,2161
4452824789,0,34,3,0,2,7,2,0,0,0,0,37,-2711,-2547
4481234929,1,24,1,1,8,4,8,0,0,0,0,48,2551,1754
4500668824,0,50,12,1,6,3,9,1,1,0,0,48,66,-446
4521663948,0,16,3,0,10,5,13,1,1,0,0,52,2242,727
4525067275,0,13,2,0,2,5,2,1,0,1,0,51,-893,-213
4496503390,0,33,1,0,2,5,2,0,0,0,0,56,-1208,-152
4519912865,1,13,3,0,12,4,11,0,0,0,0,50,4003,2566
4447426572,1,17,3,0,8,6,7,1,1,0,0,43,819,2149
4493407357,1,78,4,1,9,3,10,0,0,0,0,52,4009,1935
4459426947,0,16,2,0,5,6,5,1,1,0,0,58,-259,-1001
4519988685,0,22,2,1,9,6,13,0,0,0,0,40,1728,-738
4519844846,0,15,5,0,5,5,3,1,0,1,0,48,474,393
4525070748,0,19,2,1,9,3,8,0,0,0,0,41,1863,328
4465204267,0,40,4,0,1,7,1,0,0,0,0,48,-3846,-2306
4517684472,0,13,1,0,1,3,1,0,0,0,0,47,-2373,-1592
4517646191,1,15,2,0,8,7,10,1,1,0,0,49,218,-204
4459901632,1,31,2,1,6,4,7,0,0,0,0,59,2208,1929
4495413031,0,44,2,0,5,7,2,1,1,0,0,64,-1440,-373
4519612989,0,27,2,0,10,12,13,1,1,0,0,36,-845,-1743
4406716520,0,16,0,0,5,9,5,0,0,0,0,47,-2635,-2694
4525184804,1,54,4,0,6,1,8,2,1,1,0,51,2817,2414
4524569254,1,13,3,0,9,5,4,2,1,1,0,70,2812,2497
4431143877,0,17,3,0,1,6,2,0,0,0,0,44,-3864,-2759
4446797537,1,14,2,0,5,6,6,1,1,0,0,76,334,955
4524403652,1,12,2,1,7,6,5,1,1,0,0,44,1909,2436
4524260824,0,14,1,1,7,7,6,0,0,0,0,44,-346,-358
4440119391,1,24,3,1,14,4,14,0,0,0,0,67,5802,5396
4518199999,1,14,1,1,6,4,3,1,1,0,0,47,1085,1048
4520967143,0,36,2,1,4,11,2,1,1,0,0,56,-2383,-1807
4498216490,1,40,7,0,8,9,9,1,0,1,0,45,306,1895
4493677959,0,19,2,1,5,7,7,0,0,0,0,51,-1568,-1850
4523093613,1,17,3,0,5,7,3,1,1,0,0,56,-1419,-1156
4437257190,1,27,5,1,10,6,8,1,0,1,0,52,2263,1634
4521897707,1,17,4,1,6,2,9,0,0,0,0,43,1374,1225
4467164835,1,18,5,0,14,4,21,1,1,0,0,56,4301,3444
4521542696,1,13,0,1,9,4,6,0,0,0,0,54,3905,3713
4495464440,1,15,2,0,3,8,4,0,0,0,0,42,-2919,-2318
4452038425,1,22,2,1,6,0,8,1,1,0,0,59,2923,2787
4515821204,0,19,2,0,4,7,3,0,0,0,0,55,-1059,-951
4502922066,0,12,0,0,3,5,3,1,0,1,0,52,-406,-14
4384241438,1,16,1,0,7,3,7,1,1,0,0,43,1143,1251
4466040137,1,57,3,0,11,9,13,0,0,0,0,56,736,266
4476661914,0,10,0,1,2,11,3,0,0,0,0,68,-4816,-3750
4458282675,1,18,4,0,11,6,13,2,1,1,0,57,3977,3949
4507871318,1,18,5,0,11,7,14,0,0,0,0,37,3026,3357
4431970864,0,22,3,0,4,12,0,1,1,0,0,51,-4262,-2426
4516600859,0,18,1,1,4,1,4,1,0,1,1,46,2476,772
4499806829,0,15,2,0,3,9,3,0,0,0,0,41,-3545,-3206
4472532304,0,16,3,0,4,9,5,1,0,1,0,49,-4324,-2979
4444232401,1,11,3,0,5,6,6,1,1,0,0,63,-496,-837
4521519484,0,18,3,0,3,5,5,0,0,0,0,38,-1620,-1442
4515353277,1,18,3,1,6,10,8,0,0,0,0,48,-1334,-1607
4524248852,0,39,1,1,9,8,5,0,0,0,0,32,-796,-217
4521172111,1,39,3,1,6,2,3,1,1,0,0,44,1398,1804
4517776491,1,17,4,1,5,3,5,0,0,0,0,63,3005,1938
4519368335,0,18,4,1,3,8,2,0,0,0,0,40,-3156,-3287
4523639973,1,21,2,0,3,5,3,2,1,1,0,55,-473,383
4522111616,0,14,4,0,5,10,4,0,0,0,0,36,-3397,-2282
4521188250,0,40,4,0,6,9,5,0,0,0,0,28,-1937,-1514
4493154896,1,37,6,1,10,4,10,0,0,0,0,48,3765,2661
4512775669,0,13,2,1,5,2,5,1,1,0,0,52,384,-690
4505100164,1,16,1,1,11,5,12,1,1,0,0,40,2708,682
4439464616,0,15,4,1,4,8,3,0,0,0,0,42,-2427,-1462
4515793486,1,18,2,1,6,3,7,1,1,0,0,45,1901,684
4505809782,1,37,0,0,10,5,15,1,1,0,0,60,2480,1699
4502875704,0,16,2,0,1,10,2,1,0,1,0,52,-3581,-2467
4475734964,1,35,4,1,10,5,14,2,1,1,0,55,2911,1378
4482233269,0,16,3,0,1,4,2,1,0,1,0,50,-1245,-1370
4511770317,0,15,2,0,8,6,8,1,1,0,0,50,166,-497
4524067975,0,14,6,0,1,6,1,0,0,0,0,56,-6309,-3115
4474977192,0,16,1,0,5,11,4,0,0,0,0,35,-2047,-2555
4467242137,0,15,2,1,3,4,6,0,0,0,0,49,-1464,-1509
4521516098,1,13,3,1,5,3,4,2,1,1,0,52,874,-302
4475861894,0,18,10,1,2,5,3,1,1,0,0,43,-627,183
4473365528,0,16,3,0,3,3,4,0,0,0,0,54,-334,-292
4520554639,0,19,2,1,7,8,5,1,1,0,0,52,449,1210
4519562141,0,17,4,0,6,9,6,0,0,0,0,49,-780,-73
4477654399,0,20,4,0,4,6,4,1,0,1,0,65,-205,1064
4524744736,0,16,4,0,2,3,3,0,0,0,0,60,-1731,-1585
4437489184,0,34,2,0,10,9,9,1,1,0,0,53,947,-188
4516668528,0,16,3,1,6,7,10,0,0,0,0,34,-713,-1111
4519159286,1,15,1,1,3,4,2,1,1,0,0,56,1171,-1140
4519850833,0,10,1,1,5,7,8,0,0,0,0,52,-459,-307
4517486439,1,19,3,1,8,2,12,0,0,0,0,44,2673,1388
4524983213,1,18,4,1,9,7,10,1,1,0,0,36,-251,-1675
4518971056,0,29,2,1,5,2,5,0,0,0,0,49,534,634
4519735486,0,14,3,0,2,8,2,1,1,0,0,60,-4005,-2248
4474578405,1,15,2,1,2,4,1,2,1,1,0,64,-318,86
4495526731,0,12,2,1,8,5,7,1,0,1,0,59,2682,2118
4523588445,0,15,5,1,4,3,5,1,1,0,0,47,2092,1763
4496025643,1,18,1,0,10,7,9,0,0,0,0,52,2300,2148
4449279281,1,15,2,1,6,3,4,1,1,0,0,44,2642,1346
4524290588,1,14,2,1,5,4,6,0,0,0,0,46,2833,220
4481379221,0,14,3,1,8,8,9,0,0,0,0,40,-336,-1059
4497057886,0,15,2,0,1,8,2,1,1,0,0,55,-5136,-3713
4457248839,1,14,2,0,13,7,11,0,0,0,0,40,1872,3579
4462529490,0,16,4,0,11,13,13,1,1,0,0,56,-1048,-450
4511728953,1,15,2,0,4,5,3,1,1,0,0,59,-88,-932
4455484063,1,15,2,0,4,9,5,0,0,0,0,56,-1427,-1008
4492027887,1,17,2,0,8,11,6,1,0,1,0,37,-2440,-1603
4500738441,0,23,2,1,5,9,4,0,0,0,0,39,-1614,-2256
4472130589,1,15,5,0,4,7,2,1,1,0,0,60,-1075,73
4509440283,1,56,2,1,7,8,7,2,1,1,0,44,-1799,-1304
4522207567,1,16,3,1,12,3,11,1,1,0,0,48,3296,3231
4492532758,1,13,4,0,4,7,3,0,0,0,0,68,-1942,57
4521901284,1,17,6,1,8,4,10,1,1,0,0,31,2013,247
4524952365,1,14,6,1,12,8,15,2,1,1,0,52,3574,1210
4506175906,1,21,5,1,13,3,9,1,1,0,0,36,6000,5033
4462044332,0,22,3,0,5,9,2,0,0,0,1,36,-3128,-2320
4490186049,1,15,4,0,4,4,1,2,1,1,0,50,1229,1059
4484406104,0,22,6,1,5,10,6,1,0,1,0,51,1285,1300
4525016329,0,38,2,0,5,10,6,0,0,0,0,48,-3274,-1385
4500061522,0,15,4,0,5,8,1,0,0,0,0,47,-1770,325
4519405060,1,46,0,1,8,3,14,1,1,0,0,55,1892,890
4489107680,0,17,3,1,8,7,9,0,0,0,0,55,525,902
4524853879,0,12,5,1,5,6,8,1,1,0,0,44,-415,-498
4519652445,1,10,2,0,2,6,1,0,0,0,0,48,-1751,-1585
4479492497,1,12,2,1,14,6,10,1,0,1,1,50,4453,2458
4477014254,0,17,2,1,11,6,10,1,1,0,0,56,1393,441
4474899637,1,18,3,0,6,5,4,2,1,1,0,52,534,154
4448166002,0,19,3,1,2,11,2,0,0,0,0,54,-3301,-2246
4518035441,1,17,0,0,4,7,4,2,1,1,0,64,-2022,-2023
4524924561,0,14,2,0,3,6,4,0,0,0,0,46,176,-172
4519402514,0,13,3,0,2,5,2,1,0,1,0,52,-458,-559
4439902649,0,30,13,1,4,2,7,0,0,0,0,61,676,-576
4471437748,1,18,6,0,6,4,5,1,1,0,0,71,2536,3339
4452202569,1,53,4,0,7,11,10,0,0,0,0,44,-1751,-2784
4519983082,1,17,2,0,7,10,9,0,0,0,0,45,-1516,-1467
4514792667,0,14,2,1,3,7,3,0,0,0,0,48,-2566,-2246
4524404606,0,85,3,1,4,8,5,0,0,0,0,47,-2023,-2678
4517159658,0,14,2,0,5,6,4,1,0,1,0,51,-276,179
4490111763,1,18,4,1,7,4,5,2,1,1,0,60,1574,1834
4511615760,1,22,2,0,6,3,10,0,0,0,0,54,2378,2190
4460035354,0,16,3,1,4,9,4,0,0,0,0,48,-3223,-2518
4524340253,0,16,3,0,5,5,7,0,0,0,0,63,808,1415
4494288234,1,38,0,1,8,2,8,0,0,0,0,45,3803,2825
4503193235,0,17,5,0,2,8,3,0,0,0,0,48,-3360,-1842
4487544482,1,16,4,0,6,2,9,0,0,0,0,64,2397,1405
4522841712,0,18,2,1,5,8,7,0,0,0,0,51,-883,-1828
4492447049,0,13,2,1,1,4,1,0,0,0,0,32,-2638,-2478
4515497599,1,17,4,1,14,3,16,0,0,0,0,56,5035,5420
4515307399,0,18,1,1,5,8,5,0,0,0,0,60,-1003,-899
4520027205,0,15,0,1,5,8,4,0,0,0,0,56,-1963,-1151
4525124678,0,34,3,0,6,7,7,0,0,0,0,66,-1071,-1471
4506399392,1,18,4,1,6,5,9,0,0,0,0,57,897,1090
4520037654,1,18,3,1,5,2,4,2,1,1,0,56,1946,1292
4513253618,0,20,0,0,8,8,5,1,0,1,0,54,-219,-1440
4523092782,1,19,8,1,6,4,7,0,0,0,0,44,1588,1331
4510100587,0,14,1,0,2,6,3,0,0,0,0,42,-1889,-723
4522265559,1,17,2,0,2,4,2,1,1,0,0,72,-720,432
4502459201,0,15,1,1,3,12,2,0,0,0,0,68,-2388,-1978
4449297701,0,17,3,0,3,13,1,0,0,0,0,46,-5668,-4786
4524992548,1,18,1,0,7,8,8,1,1,0,0,58,527,1493
4524182340,1,19,4,1,6,4,3,1,0,1,0,53,1496,-730
4522266897,0,18,3,0,8,14,4,0,0,0,0,40,-4245,-3073
4468741090,0,17,8,1,10,5,17,1,1,0,0,34,3386,2410
4519229802,0,21,5,0,3,8,1,0,0,0,0,48,-3145,-2166
4464483348,0,17,3,0,1,5,0,1,1,0,0,59,-1325,-15
4501451685,1,14,4,0,5,8,7,2,1,1,0,56,-1623,-1144
4523922035,1,19,2,0,3,3,3,1,1,0,0,52,1076,759
4481186047,1,19,2,0,7,10,9,1,1,0,0,36,-1156,-667
4486987445,0,16,2,0,3,3,2,1,0,1,0,61,450,-9
4509259241,1,10,1,1,7,5,4,1,0,1,2,47,4363,4467
4513456428,1,18,5,1,11,6,13,1,1,0,0,52,2262,2885
4507030336,0,20,2,1,6,9,7,0,0,0,0,63,-367,187
4520529866,1,14,6,0,6,3,7,0,0,0,0,39,1214,2080
4525050175,1,15,2,1,4,1,6,1,1,0,0,48,1728,-337
4519754998,1,27,1,1,6,5,4,0,0,0,0,72,959,917
4439457123,1,76,2,1,5,5,6,1,0,1,0,60,924,323
4524643428,1,19,4,1,12,2,13,1,1,0,0,37,4544,3126
4521007618,0,13,2,0,4,11,4,2,1,1,0,45,-4847,-2983
4508648866,1,78,2,1,9,3,17,1,1,0,0,47,1849,669
4481875944,1,14,2,0,7,11,7,0,0,0,0,36,-3891,-2689
4481977173,0,11,5,1,6,9,8,0,0,0,0,40,-1314,-1942
4524221277,1,16,0,1,9,5,14,0,0,0,0,48,2718,91
4491767708,0,14,7,0,3,8,3,0,0,0,0,52,-2174,-1268
4513381950,1,15,11,1,4,1,2,1,1,0,0,48,1093,720
4520706889,1,15,5,0,11,10,8,0,0,0,0,52,-215,-438
4510979839,1,16,2,1,7,6,10,1,0,1,0,33,635,-1157
4497747862,1,17,3,0,10,10,10,0,0,0,0,38,120,1209
4499933829,1,19,4,0,10,9,11,1,1,0,0,60,194,661
4444218395,1,15,3,1,9,2,21,1,1,0,0,51,3581,1578
4524806566,0,15,2,0,6,13,9,0,0,0,0,38,-3622,-2561
4462632051,1,48,4,1,6,6,9,1,1,0,0,51,-303,312
4522260081,0,14,1,0,9,8,7,1,1,0,0,60,-1295,-305
4455390955,0,39,1,0,1,5,1,0,0,0,0,48,-3006,-1880
4517939505,1,38,5,1,2,1,4,1,0,1,0,56,1090,371
4524528416,1,14,3,0,4,3,1,1,1,0,0,70,324,1794
4525067296,1,12,0,1,3,7,2,0,0,0,0,48,-2025,-2448
4454069388,0,41,4,1,7,8,8,0,0,0,0,47,-416,-907
4503433498,0,12,15,1,4,4,2,1,0,1,0,51,62,1154
4510734919,0,16,4,1,5,7,3,0,0,0,0,64,-67,-1341
4464447310,1,20,3,0,11,4,13,1,1,0,0,52,5163,3968
4429977573,1,16,5,1,11,5,18,1,1,0,0,45,2728,1957
4522461341,0,15,13,0,3,9,1,1,1,0,0,52,-3559,-1400
4517741452,1,38,0,1,6,4,7,2,1,1,0,56,184,-131
4500724758,0,17,3,1,4,7,4,1,1,0,0,39,-2040,-1012
4494319705,1,16,3,1,6,1,9,1,1,0,0,56,2151,726
4444096628,0,32,2,0,10,12,9,0,0,0,0,39,-2452,-1634
4521510642,1,41,4,1,7,4,7,2,1,1,0,64,3255,2259
4412240530,1,34,2,1,9,3,6,0,0,0,0,50,1128,858
4420941972,1,25,3,1,6,5,7,1,0,1,1,67,1909,979
4514097912,1,18,2,0,10,6,9,0,0,0,0,38,3397,1493
4491135325,0,20,0,0,8,12,11,0,0,0,0,54,-3563,-1320
4488824515,0,16,3,1,7,9,4,1,1,0,0,38,-361,1686
4515453856,1,17,3,0,4,3,3,1,0,1,0,60,-513,992
4420829528,1,20,7,0,11,4,12,0,0,0,0,48,4872,3076
4503381304,0,34,2,0,6,7,5,1,0,1,0,62,985,2102
4515654011,1,16,2,1,4,8,3,1,1,0,0,47,-1599,-1870
4492894390,1,11,3,0,11,4,15,1,1,0,0,58,1719,1703
4472568378,0,15,3,0,1,6,0,0,0,0,0,56,-2641,-2207
4471422338,0,13,5,1,3,9,2,0,0,0,0,42,-2846,-2325
4525151632,0,15,2,0,3,10,1,0,0,0,0,56,-3891,-2276
4519414547,1,19,0,0,13,4,11,1,1,0,0,48,6202,5368
4440874432,1,15,2,0,3,2,5,0,0,0,0,68,2330,2167
4471153063,0,15,1,1,9,7,8,0,0,0,0,56,3089,1750
4522449120,1,40,3,0,7,6,7,0,0,0,0,41,540,867
4501354453,1,43,2,1,5,4,5,1,0,1,0,56,508,-1704
4465050280,0,143,5,1,10,7,10,1,1,0,0,37,625,-1035
4509589971,1,41,5,1,8,5,7,1,1,0,0,54,2481,1962
4505606908,1,12,3,1,10,5,9,1,1,0,0,64,2796,2669
4517684494,1,19,5,0,9,4,7,1,1,0,0,48,2089,2123
4516180818,1,20,1,1,5,6,6,1,1,0,0,63,-608,-703
4524074861,0,15,0,1,7,9,6,0,0,0,0,44,-1923,-1753
4524837884,0,11,1,0,5,5,5,0,0,0,0,48,-951,-546
4467397510,1,19,3,1,6,4,8,1,1,0,0,32,1428,701
4498316560,0,17,2,1,8,5,9,1,1,0,0,60,1131,1145
4494819577,0,44,3,0,4,7,4,1,0,1,0,56,-1972,-1010
4454214561,0,11,1,1,7,9,6,0,0,0,0,63,-2242,-1819
4508718134,1,14,2,1,6,3,10,1,1,0,0,48,2287,-268
4518971206,0,20,3,0,7,4,8,0,0,0,0,53,1367,2396
4519649032,1,11,6,1,8,4,8,2,1,1,0,52,2580,2954
4487076086,0,97,3,0,11,7,20,1,1,0,0,32,786,-562
4520419730,1,18,2,1,5,6,5,2,1,1,0,76,152,-57
4510885108,1,19,4,1,8,4,9,0,0,0,0,44,2802,281
4500739258,0,16,1,0,3,4,3,0,0,0,0,41,-1610,-1393
4524783374,1,33,2,0,14,10,9,0,0,0,0,48,1543,-21
4465119134,1,16,3,0,15,11,14,0,0,0,0,42,1915,2606
4515577349,1,19,6,0,4,3,7,1,1,0,0,52,-595,364
4465188797,0,14,1,1,6,7,5,0,0,0,0,41,-1190,-911
4523720024,1,16,0,1,5,1,3,1,0,1,0,48,1820,806
4512168503,0,18,4,0,4,7,3,2,1,1,0,72,-2630,-2244
4441802146,1,21,3,0,8,8,9,0,0,0,0,36,-1327,-789
4525106974,1,18,4,0,8,4,10,0,0,0,0,36,1417,1016
4519124601,0,17,3,1,4,4,3,1,1,0,0,60,71,409
4469638547,1,12,1,0,5,4,0,0,0,0,0,57,17,1052
4520617571,0,15,3,1,8,7,8,2,1,1,0,44,151,840
4520513993,1,13,5,1,10,3,9,1,1,0,0,60,4817,3220
4446190086,0,18,1,0,4,9,5,0,0,0,0,44,-3400,-2763
4479055235,0,17,1,1,6,8,5,0,0,0,0,46,-944,-556
4525053035,0,16,0,0,4,8,6,1,1,0,0,49,-2839,18
4460529664,1,13,4,1,11,8,14,1,1,0,0,46,818,-165
4489494920,0,13,0,0,2,9,4,0,0,0,0,49,-6286,-4733
4524863981,0,19,2,0,4,11,3,0,0,0,0,41,-3799,-3285
4508452416,1,18,5,0,8,2,4,2,1,1,1,52,4428,3489
4518173580,1,51,11,1,9,1,9,0,0,0,0,63,4388,3527
4497643645,0,14,4,0,4,8,5,1,1,0,0,47,-3045,-1634
4496490767,0,16,2,0,2,4,3,0,0,0,0,56,-1497,-778
4521137660,0,51,2,0,3,4,5,1,1,0,0,50,-1696,-2153
4522864178,1,37,0,0,8,7,8,0,0,0,0,48,733,-1480
4418117776,1,16,6,1,9,10,11,1,1,0,0,50,-606,-1487
4487261308,0,37,4,0,3,5,3,0,0,0,0,49,-2420,-753
4472053682,0,12,4,0,3,8,2,0,0,0,0,56,-2037,110
4523322393,1,16,2,0,4,4,3,0,0,0,0,53,631,1404
4450801674,0,14,4,0,7,7,6,1,0,1,0,52,-1570,-2103
4518527027,1,41,4,0,7,7,11,1,1,0,0,55,-471,870
4515771570,1,15,1,0,3,4,4,0,0,0,0,48,-1211,-108
4503520980,1,18,0,1,7,2,6,1,0,1,0,44,2740,1708
4525008225,1,16,14,0,6,4,7,1,0,1,0,58,1947,2521
4522447446,1,15,4,1,10,3,8,0,0,0,0,55,4712,3798
4500531155,0,35,6,1,5,4,6,1,1,0,0,52,1115,1256
4524832772,1,38,3,0,4,5,5,0,0,0,0,55,-833,-116
4521575223,1,146,1,0,11,7,9,0,0,0,0,48,564,633
4502356627,0,39,1,1,10,10,11,1,0,1,0,83,-589,1794
4502093881,1,17,6,1,9,4,8,0,0,0,0,38,3020,2593
4469976070,1,14,2,1,7,6,8,1,1,0,0,32,-1339,-2802
4515929996,0,22,1,1,10,4,17,1,1,0,0,48,1487,577
4522286152,1,16,5,1,5,3,5,2,1,1,0,36,579,-37
4524966850,1,10,2,1,9,6,8,0,0,0,0,56,975,659
4491591979,1,50,4,1,10,6,11,1,1,0,0,47,1417,1171
4519588489,1,21,4,1,6,4,9,2,1,1,1,40,2768,1411
4520999253,1,11,5,1,13,6,25,0,0,0,0,56,3897,2558
4521050901,0,12,2,0,2,9,4,0,0,0,0,42,-4631,-3612
4516768081,0,17,2,0,4,5,4,0,0,0,0,63,-46,-458
4517685313,0,19,2,0,2,7,2,0,0,0,1,47,-258,-419
4502501913,1,11,3,0,9,3,8,1,1,0,0,60,2845,4032
4518047197,0,17,1,0,3,10,3,0,0,0,0,42,-3177,-3271
4511912141,1,12,3,1,8,4,9,1,1,0,0,53,2988,398
4489550843,1,16,2,1,6,3,5,1,1,0,0,54,2443,1566
4524701312,1,16,2,1,6,5,5,2,1,1,0,57,-11,-176
4490153462,1,12,0,0,5,6,8,1,1,0,0,48,286,17
4502297992,0,16,15,1,6,7,6,2,1,1,0,39,90,-819
4491389277,1,11,1,0,7,6,5,0,0,0,0,53,403,1790
4522856174,1,16,6,1,8,1,12,0,0,0,0,52,3135,2622
4491480186,0,17,2,0,10,8,11,0,0,0,0,51,372,160
4518344857,1,30,4,0,6,8,10,1,1,0,0,48,-1636,-872
4515426111,1,15,3,1,12,1,11,2,1,1,0,56,5586,4058
4511966451,0,13,2,0,2,5,3,0,0,0,0,60,-2105,-1094
4519227071,1,14,2,0,6,8,4,1,0,1,0,60,-1374,-653
4493419240,0,13,3,0,3,8,4,0,0,0,0,40,-2166,-2885
4479961520,1,14,2,0,5,4,4,0,0,0,0,42,930,275
4524526472,0,16,1,0,5,8,5,1,1,0,0,49,-950,-650
4464951728,1,17,3,1,1,2,2,1,1,0,0,51,-2421,-1685
4482394402,1,19,3,0,8,9,10,0,0,0,0,40,-891,-633
4518002897,1,38,3,0,4,5,2,0,0,0,0,48,-211,232
4477006616,1,14,1,1,4,5,5,0,0,0,0,64,-405,-1523
4440191249,1,15,1,1,10,7,8,0,0,0,0,40,2361,2502
4500995168,1,15,2,0,8,9,11,1,1,0,0,52,-134,-565
4522793625,1,18,1,1,7,4,16,1,1,0,0,57,2062,1120
4474892602,1,16,1,1,6,3,7,1,0,1,0,59,2089,1771
4493006116,0,15,3,0,7,16,6,0,0,0,0,42,-5377,-3249
4524222412,1,14,2,1,7,7,5,1,1,0,0,48,-282,-79
4496972766,0,15,3,0,6,7,8,0,0,0,0,49,-443,-447
4520803035,0,11,4,0,2,8,3,0,0,0,0,60,-3122,-1229
4488885595,0,15,4,0,2,5,1,1,1,0,0,45,-2425,-1778
4487026164,1,12,4,0,3,5,2,0,0,0,0,45,-813,840
4473156248,1,20,6,0,9,8,8,0,0,0,0,64,1378,1678
4518151873,0,31,5,0,7,7,6,0,0,0,0,56,1542,1059
4454844515,0,88,3,0,7,11,10,0,0,0,0,36,-1553,-424
4524019093,1,16,4,1,8,0,12,1,1,0,0,55,4250,2686
4517744758,1,15,2,1,8,3,7,1,0,1,0,48,2772,2140
4472664560,1,17,1,1,6,6,8,1,1,0,0,59,-484,-1416
4506715219,1,15,5,1,7,4,12,2,1,1,0,64,1110,-544
4525069847,0,15,5,0,5,4,6,1,0,1,1,57,1467,11
4452361884,1,16,2,1,12,10,20,2,1,1,0,64,1095,94
4440050075,1,17,1,1,7,1,5,1,1,0,1,55,5169,2153
4510518816,0,15,2,0,1,3,3,0,0,0,0,56,-1547,-916
4496656923,1,22,5,1,13,3,21,0,0,0,0,35,5680,2175
4522525839,0,15,3,1,6,6,6,0,0,0,0,47,823,-164
4511649703,1,62,2,1,6,1,8,2,1,1,0,44,1799,442
4451402051,0,21,4,0,1,3,1,1,0,1,0,50,-757,569
4467311315,1,91,2,1,8,6,9,1,1,0,0,47,91,-339
4515311611,0,39,5,0,8,11,6,1,0,1,1,55,-1538,-370
4524615195,1,12,2,0,10,8,9,2,1,1,0,64,2228,1524
4521321168,0,16,3,1,9,1,10,0,0,0,0,60,4869,3243
4491850412,1,19,4,0,4,2,7,0,0,0,0,46,640,-120
4481745211,1,28,7,0,6,9,7,0,0,0,0,43,-1871,-1775
4472572307,0,16,1,0,5,7,4,0,0,0,0,32,-2189,-1838
4522459455,0,19,3,1,7,9,8,0,0,0,0,40,474,-775
4513892324,0,14,2,0,7,12,8,0,0,0,0,52,-1072,-646
4522503290,0,16,3,1,7,13,9,0,0,0,0,56,-2817,-1700
4502582060,1,17,4,0,4,3,7,1,1,0,0,49,-243,-465
4522240488,0,18,5,0,3,3,7,1,1,0,0,57,-1517,-1565
4448069997,0,13,1,0,0,6,0,0,0,0,0,61,-3205,-3400
4519920024,0,14,3,0,2,5,4,0,0,0,0,45,-2820,-2751
4524264644,1,19,4,1,7,3,13,1,1,0,0,32,1722,1010
4520641910,1,14,0,1,6,2,5,2,1,1,0,57,1978,1595
4505843833,1,15,5,1,11,9,8,0,0,0,0,48,171,618
4503939692,0,13,4,0,5,3,9,1,1,0,0,52,659,405
4521916214,1,16,8,0,6,11,7,1,1,0,0,43,-2974,-2746
4506788897,0,94,3,0,3,9,3,0,0,0,0,44,-3078,-3306
4521424727,0,17,3,1,7,6,6,0,0,0,0,59,1153,282
4494894166,1,15,2,1,11,5,8,2,1,1,0,63,3878,2862
4518445145,1,15,1,1,5,1,5,2,1,1,0,54,2717,1557
4511985259,1,88,4,1,9,7,8,0,0,0,0,44,3038,3164
4470447299,0,17,3,0,4,7,6,0,0,0,0,47,-1903,-584
4447747806,1,15,0,1,9,5,8,0,0,0,0,44,3518,2843
4492269154,1,15,3,0,7,7,12,0,0,0,0,60,216,259
4463540440,0,34,2,1,5,8,3,0,0,0,0,52,-509,-196
4445986200,0,12,1,0,9,6,14,0,0,0,0,36,978,372
4492063220,1,51,4,1,11,3,9,1,1,0,0,64,1884,1871
4519728493,1,18,2,1,10,4,13,1,0,1,0,50,2224,2062
4507920169,0,22,3,0,8,11,9,1,0,1,0,36,-1079,252
4517895985,0,15,1,0,5,7,6,0,0,0,0,40,-1768,-1778
4469859843,0,15,3,0,6,6,4,1,1,0,0,48,-886,-476
4494766750,1,68,2,1,9,3,16,0,0,0,0,48,3017,1450
4518283013,0,16,7,1,8,8,9,1,1,0,0,48,-431,120
4523501423,0,81,0,0,6,12,6,0,0,0,0,39,-2618,-2637
4498439649,0,17,6,1,6,6,6,2,1,1,0,48,-740,-665
4521204334,1,15,0,1,12,5,13,1,0,1,0,67,3982,3457
4517631475,0,16,1,0,5,10,6,0,0,0,0,50,-2028,-1740
4524260253,1,15,1,0,10,4,8,1,0,1,2,57,5649,3668
4516376461,0,9,1,0,0,9,0,0,0,0,0,54,-4949,-4010
4511656001,1,16,2,1,8,3,5,2,1,1,1,56,4867,4211
4504690323,0,20,2,0,2,6,2,2,1,1,0,67,-978,-226
4454879809,0,16,2,0,8,4,9,0,0,0,0,67,2425,1426
4524899991,1,17,2,1,12,6,11,1,1,0,0,49,3815,2726
4519607934,1,44,3,1,7,5,4,1,1,0,0,60,976,2257
4497723883,1,14,5,1,5,4,6,1,1,0,0,54,862,-426
4447721358,0,13,0,1,4,3,6,0,0,0,0,44,-403,-26
4480073298,0,85,3,0,2,6,3,0,0,0,0,51,-2204,-1476
4524542194,1,21,3,1,9,9,11,1,1,0,0,40,-219,-1275
4486943775,1,13,2,1,16,5,16,1,0,1,0,36,5330,4040
4470773670,1,15,0,1,9,4,12,2,1,1,0,61,3414,1608
4470307479,0,18,2,1,5,4,4,0,0,0,0,42,792,-622
4508403894,1,23,3,1,4,7,5,0,0,0,0,76,-146,-399
4497280145,0,13,4,1,5,5,5,1,0,1,0,40,-1578,-1724
4484119748,1,18,1,1,5,6,5,0,0,0,0,40,-769,-701
4494270392,1,15,1,0,6,3,6,0,0,0,0,55,1860,1798
4480070649,1,20,0,1,10,3,8,0,0,0,0,56,3525,2979
4514071420,1,13,3,1,12,8,18,1,1,0,0,44,679,-305
4522475191,0,16,3,0,1,5,1,0,0,0,0,58,-2555,-1896
4521984962,0,72,1,1,11,6,5,0,0,0,0,38,765,425
4461992783,0,60,1,1,6,8,6,0,0,0,0,53,-1221,-2380
4498150653,1,26,3,0,10,6,10,0,0,0,0,67,4492,3211
4523433938,0,16,0,0,3,4,4,0,0,0,0,42,186,-273
4492342077,1,14,1,1,8,7,7,1,1,0,0,66,1227,996
4520836773,1,14,2,0,5,7,1,1,0,1,0,57,-70,-456
4473304091,0,37,4,0,3,4,3,0,0,0,0,46,-1605,-1335
4513103663,0,14,2,0,4,9,4,0,0,0,0,50,-3465,-3351
4469401946,0,13,7,1,11,10,20,1,0,1,0,41,-431,-1022
4525167024,1,21,4,0,8,7,9,0,0,0,0,50,1083,451
4523683062,0,13,5,0,5,6,5,0,0,0,0,39,-1259,-360
4522023642,0,13,1,0,4,12,4,0,0,0,0,45,-6801,-4611
4454611264,1,14,0,1,7,10,8,1,1,0,0,77,1158,191
4498185770,1,18,3,1,7,3,6,2,1,1,0,56,2053,1371
4491503560,1,20,2,0,11,7,12,0,0,0,0,42,604,1983
4520873803,1,15,1,0,3,7,5,1,0,1,1,53,75,616
4525231930,0,16,3,1,2,4,2,0,0,0,0,47,-542,-927
4525226675,1,21,3,1,9,7,13,0,0,0,0,59,1099,-98
4510119055,1,88,4,1,8,4,4,1,1,0,0,48,2183,263
4522566957,1,14,4,1,4,4,5,2,1,1,0,70,791,224
4509204216,0,13,0,0,3,8,2,0,0,0,0,50,-3614,-3434
4429821639,0,11,2,1,11,2,9,2,1,1,0,52,1220,589
4458702644,0,14,1,1,4,5,3,0,0,0,0,50,-1827,-2059
4474395162,0,17,2,0,8,5,8,0,0,0,0,32,583,751
4472343262,0,13,2,1,3,2,5,1,0,1,0,67,-334,-1054
4484797457,0,18,8,0,6,11,9,0,0,0,0,37,-2494,-1188
4469192486,1,11,4,1,18,13,6,0,0,0,1,44,2658,2407
4476350140,1,20,1,0,9,9,10,1,1,0,0,37,-116,-303
4500418922,1,16,3,1,9,8,11,2,1,1,0,46,-197,-2391
4516602474,0,17,2,0,7,5,8,0,0,0,0,52,760,521
4515880497,1,16,3,0,5,4,6,0,0,0,0,53,1224,1259
4482285408,0,16,1,0,2,11,2,0,0,0,0,44,-6076,-3107
4509340231,0,14,0,0,8,11,9,1,1,0,0,35,-2339,-917
4525224342,1,13,2,1,3,1,4,0,0,0,0,58,2590,1325
4450611631,0,18,1,1,9,5,6,1,1,0,0,56,2175,1409
4519180415,0,16,2,1,6,7,10,1,1,0,0,57,1188,-284
4458860802,0,15,7,0,11,7,7,0,0,0,0,60,1651,3902
4456272410,0,14,3,0,5,3,4,0,0,0,0,52,-187,2135
4524703970,0,14,3,0,2,9,2,0,0,0,0,51,-4868,-4160
4449048397,0,37,3,0,0,5,0,0,0,0,0,43,-4149,-3222
4492525886,0,13,1,0,3,6,1,0,0,0,0,48,-2602,-1426
4465850018,1,18,2,1,7,8,5,1,1,0,0,49,-1018,1114
4502001730,1,25,4,0,11,6,12,0,0,0,0,60,2718,1185
4468533756,1,17,3,1,17,5,16,1,1,0,0,40,4899,2415
4521433925,1,18,2,0,5,5,5,0,0,0,0,49,-1344,-2597
4475994865,1,20,5,1,11,3,12,1,1,0,0,51,3781,1725
4514073335,1,10,0,1,7,3,3,1,1,0,0,65,3328,3696
4524501776,1,19,1,1,11,6,15,1,1,0,0,52,2114,75
4523553248,0,16,11,1,6,7,3,1,1,0,0,48,-464,-47
4520842765,1,17,5,0,4,2,2,2,1,1,0,40,-17,588
4519727542,1,14,1,0,8,7,9,0,0,0,0,77,1300,3056
4521344335,1,43,4,1,7,0,15,2,1,1,0,53,3884,2315
4450770211,0,17,7,0,8,9,13,1,1,0,0,41,475,1006
4498636614,1,15,2,1,7,4,7,2,1,1,0,61,2689,2827
4497665020,0,13,7,0,4,6,1,1,0,1,0,48,-1367,-197
4464521946,0,17,4,1,4,8,3,1,1,0,0,59,-2999,-1476
4523877309,0,24,7,0,12,12,17,1,0,1,1,36,-967,-965
4471300267,0,16,2,1,7,4,8,1,1,0,0,58,1969,1497
4513704975,0,12,2,0,3,11,4,0,0,0,0,63,-4199,-3186
4524643923,1,18,3,1,5,6,2,0,0,0,0,39,-105,-896
4517829998,0,14,1,1,9,5,11,1,0,1,1,42,3652,1542
4413023613,0,26,1,0,2,3,4,0,0,0,0,64,-83,-64
4499920365,0,13,4,1,9,5,8,0,0,0,0,36,2526,1379
4506295504,0,13,2,0,3,6,1,1,1,0,0,54,-1864,-1945
4523734569,1,18,2,1,4,3,2,1,0,1,0,48,787,481
4512964599,0,17,3,1,7,7,8,1,0,1,0,68,-1222,-2334
4508119465,0,15,2,1,11,11,13,0,0,0,0,49,-204,1350
4456002030,0,16,2,1,6,5,4,1,1,0,0,64,1759,1710
4518231271,0,12,3,0,3,8,3,1,1,0,0,55,-1650,-1358
4516926779,1,17,3,1,5,5,6,1,1,0,0,46,290,617
4506972533,0,9,0,1,2,5,3,1,1,0,0,61,-3418,-2689
4460890614,0,12,5,1,7,4,8,0,0,0,0,58,1922,1870
4519568140,0,16,0,0,4,8,5,0,0,0,0,44,-3584,-2457
4497751825,0,17,3,1,7,10,5,0,0,0,0,52,-2827,-2675
4521417680,0,20,4,0,11,7,8,0,0,0,0,43,817,2322
4510713012,1,24,3,0,3,3,5,0,0,0,0,52,75,536
4509854436,0,12,3,0,11,14,8,0,0,0,0,48,-1502,-321
4500976861,1,34,5,0,2,7,2,0,0,0,0,60,-1706,-1004
4522637791,1,13,5,0,7,9,6,1,0,1,0,56,274,1018
4495935822,1,20,4,0,7,5,8,0,0,0,0,40,1058,1735
4518693297,0,14,0,0,6,7,9,0,0,0,0,50,-1776,-3265
4496300604,0,15,3,1,5,9,8,0,0,0,0,40,-2698,-3640
4522794083,0,23,5,1,6,7,7,0,0,0,0,49,-95,-1113
4520699104,0,11,3,1,8,8,7,1,0,1,0,51,519,1006
4510367501,0,17,2,1,3,4,4,1,1,0,0,80,-873,300
4505447619,1,16,6,0,4,9,8,1,1,0,0,60,-1514,-629
4471698975,1,24,2,0,6,5,9,1,1,0,0,43,-973,-674
4434486038,0,15,4,0,8,11,7,0,0,0,0,48,-1499,-1282
4498511846,1,20,5,1,8,2,9,2,1,1,0,52,4011,2732
4524081937,1,18,3,1,6,1,5,2,1,1,2,48,4957,3218
4445293450,0,13,2,0,4,4,5,0,0,0,0,46,-615,-347
4513310043,1,18,7,1,7,8,3,0,0,0,0,42,783,-301
4500568578,0,15,4,0,1,4,2,1,1,0,0,60,-3617,-1967
4524214463,1,15,3,1,7,5,8,0,0,0,0,35,912,-241
4505836757,0,15,1,1,4,9,6,1,0,1,0,46,-2746,-2775
4475217801,1,21,3,1,5,2,4,0,0,0,0,53,1290,1337
4488970376,1,14,5,0,6,6,7,0,0,0,0,56,-71,994
4524090743,0,14,4,0,4,8,3,1,0,1,0,50,-2528,-882
4523042890,1,15,3,1,5,6,4,0,0,0,0,63,901,1182
4517636777,1,23,6,1,10,6,13,0,0,0,0,61,2013,1022
4476445956,0,16,2,0,4,11,2,2,1,1,0,59,-3113,-1771
4490257266,0,13,0,1,6,9,5,1,1,0,0,44,-1467,-1916
4524954038,0,21,4,0,6,12,3,1,1,0,0,47,-3197,-1400
4515523477,1,19,5,0,2,4,2,0,0,0,0,60,-31,849
4452314277,0,19,2,0,4,7,5,1,0,1,0,40,-802,-842
4523108166,0,18,4,1,8,8,12,1,1,0,0,43,-1642,-2040
4520687269,0,63,6,0,9,4,5,0,0,0,0,52,2989,4519
4524971748,1,21,3,1,5,3,8,1,1,0,0,39,2197,1707
4523428789,0,17,0,0,6,1,8,1,1,0,0,55,2983,1577
4521032277,1,16,3,0,7,7,7,2,1,1,0,48,1167,2368
4492093382,0,14,4,0,2,11,4,0,0,0,0,52,-3941,-2386
4520567149,0,20,3,1,9,8,11,1,1,0,0,48,720,-183
4455316787,1,14,4,1,8,3,8,0,0,0,0,40,4098,1004
4524702479,1,15,3,1,5,2,6,1,1,0,0,56,2430,2023
4516718833,0,14,3,1,5,5,5,1,1,0,0,60,206,-364
4476068972,0,17,1,1,3,4,4,0,0,0,0,59,-1003,-1571
4468615107,0,87,3,0,7,3,10,2,1,1,0,56,600,-81
4525109552,1,16,4,0,4,5,2,0,0,0,0,49,-1596,-1318
4482138912,1,19,2,1,9,7,19,0,0,0,0,44,2035,1188
4523702225,0,19,3,1,10,7,9,1,0,1,0,49,1273,622
4524183803,1,15,1,0,9,8,9,0,0,0,0,36,-1232,-272
4524856340,1,25,3,1,8,5,9,1,1,0,0,43,1726,1423
4487632164,1,17,5,1,11,7,12,0,0,0,0,49,2036,2183
4506468475,1,17,4,1,7,8,8,1,1,0,0,28,-1123,-1665
4513861752,0,18,5,0,6,8,8,0,0,0,0,43,-1325,64
4424200095,0,16,3,1,9,9,10,1,1,0,0,40,-25,1849
4518551407,0,15,18,0,4,4,6,0,0,0,0,41,-1089,-782
4499657757,1,16,1,1,7,6,8,0,0,0,0,56,1745,1180
4498640810,0,18,2,0,3,5,4,0,0,0,0,41,-1838,-1584
4523696498,1,19,2,0,4,6,4,1,0,1,0,46,-1018,-1124
4519675150,0,20,4,0,7,3,8,1,1,0,0,52,-105,1234
4522797583,0,17,2,1,3,4,6,1,1,0,0,37,-2141,-2439
4492936245,0,40,3,0,1,7,1,0,0,0,0,52,-3573,-2497
4482256172,1,23,1,0,3,7,3,0,0,0,0,52,-2105,-88
4525023717,0,15,1,1,6,5,4,0,0,0,0,52,25,2
4511080723,0,55,4,0,1,14,1,1,1,0,0,39,-6435,-5116
4477916243,0,13,0,1,9,9,7,1,1,0,0,56,-609,-504
4489899716,1,14,9,1,8,4,6,1,0,1,0,39,1546,61
4516181057,0,12,2,0,3,12,4,0,0,0,0,36,-4929,-3345
4506113045,1,20,1,1,6,6,5,0,0,0,0,44,164,-222
4525159735,1,14,2,0,4,2,9,0,0,0,0,72,1025,1276
4470997235,1,17,2,1,8,5,9,0,0,0,0,52,1474,1001
4470087448,0,18,2,1,3,8,4,0,0,0,0,41,-2454,-3816
4465542010,1,18,1,1,5,5,4,1,0,1,0,56,269,480
4519070159,1,16,2,0,14,17,18,1,0,1,0,47,-524,-904
4524509004,1,16,2,0,3,5,3,0,0,0,0,55,-1364,-87
4488138739,0,16,4,0,0,5,0,0,0,0,0,64,-2320,-1718
4494341320,1,16,3,1,4,2,8,1,1,0,0,64,1268,1705
4525085237,1,12,1,1,2,5,1,1,1,0,0,53,-1543,-509
4522863300,0,16,2,0,5,11,3,1,1,0,0,55,-2997,-2029
4436047173,0,17,1,1,9,6,11,0,0,0,0,44,-367,-1771
4506779668,0,39,3,0,4,7,4,1,1,0,0,53,-3309,-2741
4524617778,0,37,8,1,3,2,2,1,0,1,0,76,1188,2851
4472611324,0,25,7,1,6,3,6,0,0,0,0,34,-1138,-867
4457404294,1,16,5,1,17,10,25,0,0,0,1,52,6790,5348
4492916042,1,19,2,1,8,3,10,1,0,1,0,58,3723,3777
4481561513,0,23,4,0,5,5,6,1,1,0,0,54,748,-77
4492740165,1,19,2,0,8,7,8,0,0,0,0,43,326,1472
4508812859,1,19,3,1,4,2,6,2,1,1,1,56,1449,-530
4481763565,0,16,3,1,10,9,9,1,1,0,0,35,-635,-1011
4524656242,0,18,5,1,8,6,11,1,0,1,0,64,1060,488
4520625705,0,12,0,0,6,9,4,1,0,1,1,48,-489,188
4446002931,0,15,3,1,3,5,6,0,0,0,0,39,-2335,-2787
4445858545,1,23,3,1,4,7,6,1,1,0,0,43,-2496,-2174
4479142877,0,27,2,0,5,8,3,0,0,0,0,44,-2695,-1042
4523771457,0,18,4,1,9,6,9,2,1,1,0,57,1160,939
4469758473,1,16,2,1,9,3,10,1,1,0,1,51,4982,1971
4500666491,1,13,1,1,13,6,13,1,1,0,1,32,4688,983
4442547798,1,19,2,1,7,5,10,0,0,0,0,45,1774,1305
4497467264,1,15,4,1,8,3,8,1,1,0,0,56,2768,2761
4523849056,1,26,2,1,5,4,8,1,1,0,0,50,-686,-619
4448360530,0,13,1,1,7,5,5,2,1,1,0,52,1418,544
4519032722,0,16,3,0,3,3,1,1,1,0,0,52,-5,-269
4513335453,0,17,2,0,3,5,4,0,0,0,0,38,-4000,-2533
4489679008,1,16,2,0,3,4,0,0,0,0,0,48,-243,799
4496154110,0,19,1,1,3,5,6,0,0,0,0,64,-709,-147
4524013226,1,23,1,0,2,5,3,2,1,1,0,60,-726,-31
4524662465,1,16,1,0,11,4,18,1,1,0,0,48,3936,2111
4518466773,1,17,4,1,4,4,0,1,1,0,0,54,-277,208
4503636843,0,52,4,0,4,8,7,1,1,0,0,53,-2769,-820
4515642015,0,15,5,0,9,4,11,1,1,0,0,48,1513,1585
4524429870,1,14,1,1,4,5,0,2,1,1,0,71,-736,-94
4450237694,1,19,5,1,8,9,9,0,0,0,0,63,1334,656
4523092582,1,16,2,0,9,4,17,0,0,0,0,52,3036,1766
4509907014,0,19,13,1,3,2,6,1,0,1,0,40,1811,-631
4517834263,1,14,1,1,8,6,8,0,0,0,0,56,1451,1985
4420577274,0,17,5,1,5,5,7,1,0,1,0,56,-598,-146
4496483924,1,15,1,1,10,6,10,1,1,0,0,56,1446,1597
4491903202,0,18,3,1,10,9,15,1,1,0,1,55,1618,393
4521293628,1,13,6,0,10,11,13,1,1,0,0,35,93,-1276
4519886887,0,30,0,0,6,5,8,0,0,0,0,56,1183,887
4494464754,0,20,3,0,3,7,0,0,0,0,0,37,-3453,-720
4519903603,0,17,1,0,5,10,3,0,0,0,0,58,-1655,-1323
4506004524,0,43,2,0,5,11,4,1,1,0,0,47,-4462,-2990
4494780528,0,12,3,0,7,6,8,0,0,0,0,56,557,1061
4524049652,1,15,2,1,9,4,10,0,0,0,0,45,2527,3473
4516959176,0,18,1,0,7,8,9,0,0,0,0,40,-1831,-2604
4520642578,1,17,6,1,2,1,1,1,0,1,0,43,649,69
4484713894,0,16,1,0,11,5,10,0,0,0,0,41,3091,2498
4449831560,0,14,4,0,3,10,3,1,1,0,0,58,-2707,-1826
4464836293,0,16,5,0,4,5,7,0,0,0,0,44,-512,-844
4524322157,0,15,3,0,4,9,6,0,0,0,0,41,-3874,-2423
4519807655,1,16,2,1,3,2,3,1,1,0,0,68,-100,219
4523790678,0,65,4,0,3,5,2,0,0,0,0,67,506,1580
4481146678,1,11,3,1,9,1,13,0,0,0,0,52,4796,3112
4382920718,1,21,3,0,15,16,10,2,1,1,0,44,-1709,-1585
4522131517,0,12,2,0,1,7,1,0,0,0,0,54,-553,-114
4522409502,1,21,2,0,10,7,15,1,1,0,0,76,3190,2346
4522867011,0,15,1,0,3,6,0,1,0,1,0,56,-1720,-2056
4489166333,0,15,2,1,5,9,3,0,0,0,0,51,-480,353
4521309700,0,13,4,0,2,5,3,0,0,0,0,40,-1081,-631
4522235409,1,14,4,1,9,1,9,1,1,0,0,44,5436,3459
4487639972,1,21,3,1,12,1,14,1,1,0,0,44,5323,2352
4495602033,0,18,1,0,7,8,8,0,0,0,0,52,-214,-356
4521631816,0,17,1,0,3,9,2,1,1,0,0,42,-2705,-1757
4451877968,1,16,1,1,5,3,4,1,0,1,0,38,1419,82
4511243744,0,18,4,0,2,11,2,0,0,0,0,48,-5431,-4681
4448363210,0,15,1,0,2,11,3,0,0,0,0,53,-4125,-2712
4521244850,1,13,0,1,11,5,11,2,1,1,0,50,3153,3196
4464253176,0,13,3,1,5,8,1,1,1,0,0,49,-3991,-3529
4473903480,0,14,4,0,6,7,3,0,0,0,0,47,-1694,-603
4508507583,0,18,2,0,6,4,4,1,0,1,0,52,989,631
4453485597,1,15,5,0,3,5,5,1,1,0,0,45,-1564,-953
4444095470,0,15,5,0,3,8,2,0,0,0,0,63,-664,615
4510669887,1,39,3,0,1,2,0,1,1,0,0,52,-1377,-180
4510131144,0,14,3,0,6,7,10,1,1,0,0,40,-1089,-2134
4514754903,1,16,2,1,7,2,10,2,1,1,1,67,4234,1695
4521127128,0,18,1,0,6,7,7,1,0,1,0,48,-702,-89
4517995576,0,37,2,1,6,5,5,1,0,1,0,48,-508,-1394
4525139840,1,16,3,1,10,4,13,0,0,0,0,47,2366,1147
4481425277,1,18,1,0,6,6,12,1,1,0,0,49,248,-219
4508272671,1,14,4,1,9,5,11,1,1,0,0,56,1426,128
4521954992,0,18,1,0,2,2,2,0,0,0,0,44,-740,76
4506951089,0,18,2,0,2,4,2,2,1,1,0,44,-1724,-262
4513445048,1,15,3,1,8,4,10,1,1,0,0,76,3311,2682
4519606068,0,14,1,1,6,3,10,0,0,0,0,68,3401,2392
4518115415,0,40,2,1,4,7,4,0,0,0,0,70,-1293,-625
4452789398,1,27,0,0,5,3,7,0,0,0,0,60,906,1767
4493650518,0,18,2,0,6,12,9,0,0,0,0,52,-2761,-2375
4501126526,1,14,0,1,6,4,12,2,1,1,0,56,1419,731
4522814344,0,17,4,1,2,4,3,0,0,0,0,47,-1530,-1114
4470759747,1,39,3,0,8,8,11,0,0,0,0,35,216,1250
4454170468,0,18,0,1,8,5,7,1,1,0,0,64,1521,1915
4478080352,0,16,1,0,0,8,0,0,0,0,0,78,-5264,-4627
4521135230,1,16,1,1,8,1,8,1,1,0,0,48,3949,2440
4512913824,1,14,5,1,11,5,12,1,1,0,0,44,2907,1175
4521918813,1,17,1,1,5,6,2,1,1,0,0,47,-706,-873
4477806643,0,16,6,1,4,5,5,0,0,0,0,44,-527,-208
4509514810,1,18,3,0,8,8,8,1,1,0,0,50,1683,-172
4525028145,0,48,3,1,3,5,2,0,0,0,0,36,-1005,-251
4522170496,0,16,3,0,4,6,6,1,1,0,0,24,-1122,-302
4499816860,0,26,3,1,4,5,4,1,1,0,0,60,-808,-311
4524879680,0,14,1,1,4,6,5,0,0,0,0,48,-2281,-1594
4525084228,1,19,5,0,4,4,4,0,0,0,0,49,-1750,-628
4521347328,1,124,1,1,10,4,12,0,0,0,0,72,2974,1421
4497825054,1,17,5,0,6,4,9,0,0,0,0,63,419,462
4520913464,1,15,1,0,6,3,10,2,1,1,0,68,2101,1596
4503284837,0,17,3,0,7,7,5,1,1,0,0,33,-776,166
4519863035,1,17,2,0,4,5,6,0,0,0,0,41,-957,-2267
4467388375,1,16,2,1,9,1,7,2,1,1,0,55,4311,3239
4494893980,0,17,0,0,4,5,3,1,1,0,0,43,-1207,-1748
4516572931,1,13,1,1,9,3,9,2,1,1,0,41,4616,2050
4462648496,1,15,3,1,10,6,16,2,1,1,0,71,2404,927
4484087846,0,15,2,0,7,5,10,1,1,0,0,48,600,824
4507768381,1,17,1,1,7,3,3,0,0,0,0,47,1936,1799
4517503916,1,15,5,0,6,13,9,1,1,0,0,52,-4685,-3600
4520894733,0,14,2,0,3,3,5,1,1,0,0,52,315,-61
4458889473,0,59,7,1,7,7,12,1,0,1,0,51,994,-547
4523961179,1,18,2,0,3,4,4,1,0,1,0,56,450,661
4466045865,1,12,1,0,5,8,6,1,0,1,0,63,110,-402
4516642389,1,17,4,0,7,7,7,0,0,0,0,48,-396,481
4518790705,0,10,0,0,6,8,8,0,0,0,0,43,-805,254
4508511932,0,14,3,1,2,8,2,0,0,0,0,50,-1302,-1959
4450404129,0,17,8,1,8,5,12,1,1,0,0,43,1763,-239
4484243751,0,38,2,0,5,9,3,1,1,0,0,43,-1993,-2178
4523449093,0,26,1,0,6,6,5,2,1,1,0,56,8,572
4485983759,1,39,2,1,11,8,16,0,0,0,0,48,1240,-349
4456033648,1,16,1,1,3,5,2,1,1,0,0,61,-1063,-2035
4451994271,1,23,7,1,9,6,11,1,1,0,0,47,22,1773
4523813027,1,17,1,1,5,4,9,0,0,0,0,48,-16,497
4522528300,0,20,3,0,4,3,5,1,1,0,0,62,-526,496
4525010379,1,27,5,0,4,6,4,0,0,0,0,40,-916,-659
4523893279,0,15,2,0,5,10,8,1,1,0,0,37,-2793,-1055
4521767558,0,149,2,0,7,9,7,0,0,0,0,52,-1561,925
4513468208,1,15,4,0,5,11,6,0,0,0,0,43,-3707,-1742
4509940974,0,19,5,1,6,10,7,0,0,0,0,37,-2457,-1625
4523594807,0,67,3,0,6,8,4,0,0,0,0,50,-2348,-1246
4522596312,1,54,1,1,15,2,15,1,1,0,0,52,5275,3662
4517041040,0,16,3,1,1,7,1,0,0,0,0,36,-3413,-3079
4518695015,1,17,1,0,6,10,4,0,0,0,0,44,-1286,-848
4500037487,1,37,2,0,7,7,4,0,0,0,0,36,-1785,-1581
4521886513,1,42,2,1,7,2,10,1,1,0,0,44,3107,2096
4516044973,0,13,0,0,5,4,3,1,1,0,0,44,-41,-1008
4521934653,1,15,1,1,9,7,12,0,0,0,0,68,639,1171
4498314967,0,13,3,0,1,6,2,0,0,0,0,64,-2041,-1090
4518877029,0,16,3,1,5,4,3,1,1,0,0,55,412,93
4519742974,0,13,5,1,6,1,11,0,0,0,0,52,2836,448
4519564214,1,14,1,1,11,8,12,0,0,0,0,52,957,469
4520320166,1,18,4,0,12,9,9,0,0,0,0,44,2287,2551
4524732459,0,19,3,1,7,9,10,0,0,0,0,45,-462,-1186
4519790060,1,25,0,0,11,10,7,1,1,0,0,50,1362,1592
4456330802,1,21,2,0,7,6,3,1,0,1,0,72,140,1737
4524273849,1,11,2,1,5,8,5,1,1,0,0,50,633,-295
4478063031,0,30,4,0,5,6,5,0,0,0,0,52,-323,214
4494869975,1,14,0,0,3,6,3,0,0,0,0,72,-1296,227
4424078266,1,15,1,0,6,14,6,0,0,0,0,56,-3622,-1908
4490705012,1,15,2,0,10,10,11,0,0,0,0,34,-541,546
4523350637,1,53,2,1,8,6,9,0,0,0,0,55,1933,2792
4515573007,0,18,3,0,4,7,6,0,0,0,0,46,-692,-758
4524001627,0,16,2,0,5,3,7,0,0,0,0,36,766,-662
4520769690,1,43,2,1,6,4,10,1,0,1,0,68,2334,1835
4521194399,1,16,6,1,5,7,4,0,0,0,0,52,-143,462
4459264476,0,17,2,0,1,11,2,0,0,0,0,49,-5525,-5585
4442070152,0,15,4,0,5,4,8,0,0,0,0,37,-1493,-1179
4519232603,1,15,4,1,11,6,21,1,1,0,0,50,2534,2539
4503234599,0,13,0,0,5,15,6,0,0,0,0,49,-5900,-4872
4452824310,0,13,6,1,5,6,8,2,1,1,0,63,851,327
4520335099,1,19,2,0,3,3,2,2,1,1,0,52,198,726
4460509130,1,17,1,0,9,9,7,0,0,0,0,63,380,-674
4494350446,1,16,1,1,8,4,7,2,1,1,0,46,2018,2261
4485746291,1,19,4,0,11,1,13,1,0,1,1,61,6942,6381
4522462611,0,16,2,1,7,7,13,1,1,0,0,40,-754,-729
4521336289,0,149,2,1,2,5,4,0,0,0,0,52,-1400,-1716
4523036176,0,20,7,0,9,8,11,1,1,0,0,42,1606,1036
4523330702,0,17,2,0,5,5,6,1,1,0,0,51,-2130,-2032
4468356736,0,14,2,1,10,10,17,1,1,0,0,76,987,642
4463063111,1,38,7,0,2,2,1,0,0,0,0,66,1344,1195
4517535335,1,27,9,0,6,5,6,1,1,0,0,64,568,1096
4448433475,0,10,4,0,10,5,12,1,0,1,0,64,2621,2001
4516228247,0,20,2,0,6,8,5,0,0,0,0,51,-403,-575
4498040102,1,21,1,1,13,4,14,1,1,0,0,46,3593,727
4466272322,1,15,4,1,6,3,8,1,1,0,1,59,3400,2400
4498466711,0,14,1,0,6,5,8,1,1,0,1,56,1019,37
4516594207,1,16,6,0,7,6,4,0,0,0,0,50,1496,1352
4444307438,0,15,3,0,4,9,6,0,0,0,0,40,-3921,-3284
4524924917,1,14,2,1,6,3,4,0,0,0,0,41,675,377
4471072375,0,17,4,1,6,9,8,0,0,0,0,41,-702,-2110
4461136941,1,14,6,1,4,5,5,0,0,0,0,49,-1286,-1695
4511783197,0,31,5,0,5,4,5,0,0,0,0,50,-174,-503
4501108199,1,15,1,1,10,5,10,0,0,0,0,52,2301,603
4465596531,0,12,3,1,10,6,4,0,0,0,0,48,2504,2361
4524568896,1,18,6,0,5,7,9,0,0,0,0,61,-1341,445
4478702787,0,21,5,0,5,9,3,1,1,0,0,60,-2174,-325
4437799907,0,13,1,1,10,10,14,1,1,0,0,52,1804,820
4469372506,0,14,3,1,7,4,6,0,0,0,0,44,68,-369
4459817582,1,19,5,1,11,6,12,0,0,0,0,39,1775,-5
4522510134,0,80,4,0,7,5,10,0,0,0,0,56,424,1050
4427951118,0,16,3,0,4,11,5,1,0,1,0,57,-2585,204
4522319938,1,44,3,0,13,12,17,1,1,0,0,72,1610,2488
4522616210,0,19,0,0,5,3,5,1,0,1,0,52,904,195
4523566320,1,87,4,1,4,9,4,1,0,1,0,55,-855,227
4520933584,1,17,6,0,7,3,7,0,0,0,0,44,1991,1977
4514399530,0,12,0,0,6,10,9,0,0,0,0,52,-2893,-2027
4472185629,0,20,1,0,5,8,4,0,0,0,0,44,-2274,-2172
4524877536,1,13,4,0,7,8,6,1,1,0,0,51,-154,-612
4515306616,0,19,2,0,5,9,4,0,0,0,0,50,-1630,-130
4524480759,0,19,1,0,1,9,2,0,0,0,0,36,-6878,-4956
4502625560,1,14,2,1,8,7,7,1,1,0,0,52,1177,763
4521238149,1,18,6,0,3,2,1,0,0,0,0,52,919,1527
4513598574,1,14,1,1,8,6,7,0,0,0,0,56,2077,1804
4518314539,0,15,2,0,1,6,0,0,0,0,0,47,-2973,-1940
4489658562,0,12,2,1,10,16,10,1,0,1,0,46,-3228,-2075
4482124456,1,17,2,1,9,10,16,1,1,0,0,50,-999,-1466
4521449532,0,13,1,0,2,13,0,0,0,0,0,52,-6395,-4800
4524994987,1,18,0,1,14,4,15,0,0,0,0,53,5853,3870
4455125565,0,15,4,0,3,11,2,0,0,0,0,44,-5141,-4745
4522531124,1,22,4,1,9,3,9,0,0,0,0,43,2318,1656
4498726341,1,18,3,1,12,5,6,0,0,0,0,48,3595,2595
4520588877,0,15,2,0,2,10,2,0,0,0,0,56,-6604,-2014
4522556160,0,23,3,0,4,6,5,0,0,0,0,56,-530,-123
4502024676,1,11,0,1,8,13,5,0,0,0,0,51,-796,-594
4494811413,1,14,3,1,12,6,17,2,1,1,1,34,3439,913
4522599677,0,17,1,1,4,1,4,1,1,0,0,66,1423,1022
4513586711,0,27,1,1,2,8,3,1,1,0,0,59,-3952,-2015
4492904211,1,15,2,1,3,3,3,2,1,1,0,51,-884,-471
4525183831,0,46,4,1,4,0,3,1,0,1,0,50,2655,1326
4524995748,0,20,1,0,2,7,3,1,1,0,0,53,-2031,-1121
4496611472,1,14,3,1,7,2,7,1,0,1,0,66,2893,3588
4466270705,1,15,1,1,2,4,3,0,0,0,0,58,-976,-1408
4489674580,1,14,0,1,12,7,13,0,0,0,0,53,2182,1012
4517551883,0,14,0,0,3,5,5,0,0,0,0,52,-1968,-2932
4512229508,1,20,1,0,7,9,6,0,0,0,0,49,-1806,123
4520364684,0,22,7,0,7,16,11,0,0,0,0,52,-5941,-4097
4487211504,1,22,1,0,3,5,2,0,0,0,0,32,-2105,-1815
4490245782,1,16,0,0,7,5,6,0,0,0,0,56,993,593
4519269898,1,16,1,1,6,8,5,0,0,0,0,40,-809,10
4477778320,0,14,4,1,7,11,5,0,0,0,0,42,-1903,-1398
